group	x	y	showSelected1
1	-20	24	21
1	-20	24	183
33	30	24	21
33	30	24	129
33	30	24	181
33	30	24	79
34	30	74	79
34	30	74	21
4	80	74	21
4	80	74	78
4	80	74	54
4	80	74	130
4	80	74	47
4	80	74	178
4	80	74	30
4	80	74	133
4	80	74	99
3	80	124	30
3	80	124	20
3	80	124	21
3	80	124	97
6	130	124	20
6	130	124	30
6	130	124	146
6	130	124	16
6	130	124	7
6	130	124	104
6	130	124	164
6	130	124	8
6	130	124	97
6	130	124	188
6	130	124	142
6	130	124	59
6	130	124	118
6	130	124	63
6	130	124	23
6	130	124	117
6	130	124	42
6	130	124	122
6	130	124	3
6	130	124	68
7	130	174	8
11	180	174	18
11	180	174	165
11	180	174	8
11	180	174	147
11	180	174	2
11	180	174	145
11	180	174	156
11	180	174	143
11	180	174	92
11	180	174	7
11	180	174	108
11	180	174	157
11	180	174	128
11	180	174	140
11	180	174	96
12	180	224	8
12	180	224	193
17	230	224	193
17	230	224	8
17	230	224	120
17	230	224	46
17	230	224	11
17	230	224	29
17	230	224	139
17	230	224	170
17	230	224	169
17	230	224	173
17	230	224	159
17	230	224	27
17	230	224	9
17	230	224	15
2	80	24	21
2	80	24	133
2	80	24	54
2	80	24	186
2	80	24	191
2	80	24	116
2	80	24	73
2	80	24	34
10	180	124	8
10	180	124	7
10	180	124	18
10	180	124	23
10	180	124	96
10	180	124	3
10	180	124	138
10	180	124	194
10	180	124	42
10	180	124	68
10	180	124	113
10	180	124	94
10	180	124	162
10	180	124	182
10	180	124	52
10	180	124	175
8	130	74	30
8	130	74	21
8	130	74	63
8	130	74	7
8	130	74	54
8	130	74	124
8	130	74	3
8	130	74	125
8	130	74	122
8	130	74	68
8	130	74	94
8	130	74	52
8	130	74	72
16	230	174	8
16	230	174	2
16	230	174	89
16	230	174	112
16	230	174	46
16	230	174	43
16	230	174	111
16	230	174	101
16	230	174	22
16	230	174	80
16	230	174	7
16	230	174	137
16	230	174	50
16	230	174	11
16	230	174	83
16	230	174	176
16	230	174	15
16	230	174	149
16	230	174	190
16	230	174	187
16	230	174	167
16	230	174	192
16	230	174	5
22	280	224	29
22	280	224	9
22	280	224	11
22	280	224	15
22	280	224	90
22	280	224	135
22	280	224	158
5	130	24	21
5	130	24	133
5	130	24	116
5	130	24	73
5	130	24	74
5	130	24	72
5	130	24	67
5	130	24	84
5	130	24	86
5	130	24	34
5	130	24	102
5	130	24	186
5	130	24	95
5	130	24	28
5	130	24	91
5	130	24	66
5	130	24	6
5	130	24	35
5	130	24	148
5	130	24	1
5	130	24	37
5	130	24	144
5	130	24	61
5	130	24	180
5	130	24	13
5	130	24	41
5	130	24	39
5	130	24	58
15	230	124	7
15	230	124	3
15	230	124	162
15	230	124	8
15	230	124	103
15	230	124	5
15	230	124	12
15	230	124	57
21	280	174	15
21	280	174	9
21	280	174	11
21	280	174	7
21	280	174	189
21	280	174	8
21	280	174	172
21	280	174	109
21	280	174	5
13	180	74	94
13	180	74	7
13	180	74	122
13	180	74	52
13	180	74	21
13	180	74	175
13	180	74	88
13	180	74	3
13	180	74	163
9	180	24	21
9	180	24	86
9	180	24	24
9	180	24	28
9	180	24	67
9	180	24	95
9	180	24	13
9	180	24	35
9	180	24	39
9	180	24	12
9	180	24	88
9	180	24	58
9	180	24	1
9	180	24	31
9	180	24	51
9	180	24	107
9	180	24	132
9	180	24	64
9	180	24	174
9	180	24	106
9	180	24	19
9	180	24	55
9	180	24	93
20	280	124	5
20	280	124	7
20	280	124	12
20	280	124	172
20	280	124	15
20	280	124	3
20	280	124	32
18	230	74	3
18	230	74	12
18	230	74	7
18	230	74	57
18	230	74	21
18	230	74	177
18	230	74	5
18	230	74	168
18	230	74	77
18	230	74	87
18	230	74	123
18	230	74	110
26	330	174	15
26	330	174	9
26	330	174	109
26	330	174	5
26	330	174	21
23	280	74	5
23	280	74	32
23	280	74	12
23	280	74	150
23	280	74	4
23	280	74	166
23	280	74	21
23	280	74	161
23	280	74	179
25	330	124	5
25	330	124	21
25	330	124	32
25	330	124	166
25	330	124	4
25	330	124	155
14	230	24	12
14	230	24	21
14	230	24	77
14	230	24	88
14	230	24	153
14	230	24	134
14	230	24	184
14	230	24	5
14	230	24	160
14	230	24	44
19	280	24	5
19	280	24	12
19	280	24	21
19	280	24	44
19	280	24	4
19	280	24	171
19	280	24	154
19	280	24	60
19	280	24	17
19	280	24	114
19	280	24	105
19	280	24	40
27	330	74	5
27	330	74	166
27	330	74	32
27	330	74	4
27	330	74	131
27	330	74	21
27	330	74	161
27	330	74	179
27	330	74	136
27	330	74	141
27	330	74	155
27	330	74	49
29	380	124	21
29	380	124	4
29	380	124	119
29	380	124	136
24	330	24	21
24	330	24	4
24	330	24	5
24	330	24	60
24	330	24	98
24	330	24	49
24	330	24	185
24	330	24	105
24	330	24	10
24	330	24	40
24	330	24	100
24	330	24	17
24	330	24	115
24	330	24	25
24	330	24	69
24	330	24	71
24	330	24	65
24	330	24	70
24	330	24	127
24	330	24	14
24	330	24	48
24	330	24	75
24	330	24	45
24	330	24	62
24	330	24	56
24	330	24	126
24	330	24	38
24	330	24	26
24	330	24	152
30	380	74	4
30	380	74	155
30	380	74	21
30	380	74	151
30	380	74	121
28	380	24	4
28	380	24	25
28	380	24	14
28	380	24	10
28	380	24	33
28	380	24	21
28	380	24	38
28	380	24	26
28	380	24	45
28	380	24	152
28	380	24	56
28	380	24	81
28	380	24	85
28	380	24	76
28	380	24	82
28	380	24	53
28	380	24	36
32	430	74	21
32	430	74	4
31	430	24	21
31	430	24	4
35	480	24	21
35	480	24	4
