x	y
-0.456613399946845	0.416440489077452
-0.15633884818814	0.148395071249391
-0.535537231962495	0.583827375577407
-0.806433454461099	0.653131571998412
-0.834101218840082	0.336744813199495
-0.115153874383675	0.0616941969121551
0.225723728096716	0.19147760115772
-0.6547003097358	0.707153569530077
-0.23941505331803	0.162220283724955
-1.28226207376343	0.866160490813602
-0.134526132185227	0.0837397579827644
-0.526792074187708	0.5102902361033
-0.384542108601947	0.329775292225605
-0.182601794876771	0.161896958905498
-0.456844901362622	0.416913404491375
-0.0182634515801642	0.0119003134883585
-0.141976083067552	0.0986975574396042
-0.4927012424503	0.567574396609603
0.393913102316058	0.135306113972711
0.235778822523009	0.145707308421582
-0.220124444457237	0.179845515970918
0.0354568917078379	0.0250203493476572
0.109938282528307	0.0927780503356527
-0.18450686260105	0.139540042049212
-0.308914191009875	0.24811573821906
-0.278646377954339	0.206563113587951
-0.103613095668506	0.0929133889110606
0.0447293906764951	0.0281619491634537
-0.355044178248678	0.328481081723542
-0.743486797195033	0.436219280331052
-0.557819071033484	0.244364502966291
-1.24022475622108	1.35713848401124
-1.10639689491784	1.35751546080993
-0.655307725942651	0.708126588787682
-0.1820745879841	0.172279237952822
0.149677124103039	0.121504332963931
0.483100923037735	0.465409190751498
0.214489582431434	0.174235342461927
-0.0726325688609557	0.0612697832724179
0.13353698245053	0.103642339951344
-0.104202089109567	0.0732978539564536
-0.42759248099073	0.336924245052945
-0.153611347488167	0.136775865132963
0.24455955703102	0.224537375918728
0.00475775864720413	0.00410467033147483
-0.682697231663123	0.937386754622317
0.13772155795657	0.141725989813214
-0.213670284333363	0.188375409886179
-0.0306310937101441	0.0260587335731735
-0.0959036188045878	0.0804676992038906
0.106561355596661	0.120637462765009
-0.157143611675168	0.157878682707757
0.39214308430802	0.362352314890187
0.391303487615357	0.361441005735103
0.604906124919998	0.762009502105521
-0.227876705669998	0.170656982987083
-0.289093367480434	0.251808898731318
-1.01849250499679	1.38161392186357
0.027635307076314	0.0214103740720833
-0.417284030144647	0.408816896425183
0.772085186567592	1.1779231558627
0.24387603125047	0.223787748104662
-0.151057661835985	0.125216279072511
-0.546691256657962	0.691659452145568
-0.0410997854962734	0.0295344419327523
-0.183313994774234	0.150908284829358
0.872652823807366	1.18112351506775
0.0575062504767145	0.0426146707610032
-0.372587081353577	0.242574156802219
-0.142692699929907	0.0992480824684191
-1.16549782284227	1.49508641562981
-0.248595682062505	0.147290951461517
0.149359764406569	0.0991461450879672
0.384256683599468	0.266966405570818
-0.240185957716707	0.162759454731065
0.560110814045697	0.603008389896887
-0.128328735703008	0.114791036815628
0.184953044875589	0.136469976639367
0.532937570703607	0.389401424577372
0.518583249870859	0.400604101223566
0.292812413494113	0.237950571420771
0.133812355006711	0.103873958021083
-0.587368382529771	0.40636357886264
-0.345890107112065	0.401142144935837
-0.934846288255176	1.27349994182369
0.122955508393284	0.107728789269605
-0.592291275421543	0.6433986912191
-0.21718466835037	0.265422775731285
-0.559308855835327	0.897358044235103
-0.524797513409666	0.811918441392766
0.661073716305376	1.2239466140393
-0.216283378787131	0.276014548222727
-0.24721646263116	0.328137352736919
-0.651637216687248	1.19005657590559
-0.180052923112406	0.190635480761801
0.163699472934933	0.13859492811359
0.2931028854617	0.345896648635649
-0.37196785055186	0.473022659753625
-0.330629328398317	0.402095800549839
-0.0820897366246176	0.0920333224791113
-0.187753740321818	0.128984212508053
0.471530138291201	0.505523702192543
0.325739671231691	0.333940579964917
-0.860715260888968	1.17604253282529
0.0241037370639875	0.0248328478754837
-0.213542461515699	0.283586487260843
0.0690557725306585	0.0701055184132265
-0.0449275150816376	0.0407503965422321
-0.136513262265546	0.13754321507126
-0.147485904296956	0.172859877775651
-0.199401458013372	0.24394492067714
0.149880176549512	0.0995036934194386
-0.151016533819134	0.125198702370773
0.27286569985593	0.286893740360533
-0.485861003949065	0.531610284677286
0.77179234439221	1.17751147871355
0.544411646953867	0.624990721234628
0.148223639924733	0.139541406398213
-0.366431276709134	0.506380327832905
-0.225948877210296	0.323363350190165
-0.466583388005584	0.721100260987343
0.332000796073761	0.361974418246696
-0.546646258180747	0.6913279702933
0.399626282019254	0.50495475456218
0.531361777574454	0.876309590990001
0.392070598027928	0.36237712946781
-1.1331495693754	0.698356527424605
-0.806433454461099	0.653131571998412
0.0771892509117183	0.0599015609244565
0.954283973883803	1.78583970729907
-0.253891279016355	0.267352841422731
0.397355731079565	0.476041483964195
0.399246680440087	0.491645887797979
-0.330410028081263	0.401744535419422
0.454166535902181	0.59284409000498
0.0465831635335201	0.0445264653455171
-0.092028653521656	0.0880791125504899
0.0725787811521161	0.0484055470335267
-0.741229319844962	0.748774522281415
-0.750968422656866	1.20246791493611
-0.95274651508655	0.75315676365907
-0.486592638702941	0.344927894499103
-0.0858812438030872	0.0374352550027414
-0.527302490443492	0.181847387376395
0.149315014073913	0.121192838563356
-0.746888357226147	0.981151496726587
-0.0501458009155427	0.042454907851368
-0.50049351007482	0.605790754405004
-0.33317570316357	0.329655423050768
1.00393352122879	1.36356008045252
-1.49289106511998	1.6922160543208
0.0330218611638841	0.0305460262062974
0.588273198419108	0.780866065773278
-0.372977964865057	0.242878747706938
-0.330531750478295	0.189739709538567
0.00771872035747336	0.00571812482866457
-0.389759359648101	0.182387947376199
-1.0248213670805	0.723622823512247
-1.95090813221164	0.916794366373333
-0.301559259247109	0.114223469848975
0.518823923584621	0.400838188068927
-0.30828662171151	0.247289243803226
0.148389154175486	0.120364229045558
-0.188003926954562	0.129206703770816
0.39591308178431	0.42209100510671
0.852253918969749	1.02202286078816
0.0453319403397679	0.0285375632069243
0.464147938426975	0.528894074506325
-0.444750200913648	0.378430463212351
-0.239664497370778	0.162384974291138
-0.743776090905574	0.436452009690677
0.28250139546297	0.218862476166912
-0.114481464188975	0.0613254510484033
0.129782482723068	0.055444175672436
-2.0752499136929	1.67034578989328
-0.557161009431051	0.243955833867403
-0.172790630805708	0.0706913846673543
-0.700874733701416	0.52652740905016
-0.336795742461947	0.246753835191953
-0.661620429143757	0.673432437847465
0.68465163508605	0.714293166134355
0.831220484670394	0.703236768423901
0.392591519489911	0.36292430872593
-0.228064363545001	0.17082293741555
-0.254121924618845	0.267580892591038
0.0141289091183749	0.00836045154881416
0.197034055471406	0.103716923250848
0.392075810346128	0.157165661368801
-1.33612286077378	1.36694973100202
-1.15739340412255	1.05182987849233
-0.363246409223397	0.2889426745537
0.0331098791735277	0.0164657663052345
1.19822070419558	0.929928841072961
0.236436057096486	0.146182064666656
0.311442969420458	0.286870413184532
0.482696453501047	0.4648573523594
0.395697998266945	0.408310192485719
0.186725103647496	0.13799850723787
-1.00010376476937	1.23625474313214
-0.184318709159847	0.139383420349145
0.594872272245439	0.768967489312826
0.0720182916130368	0.0480341814467991
0.789388733331575	0.701751359461779
0.518823923584621	0.400838188068927
0.0952757163830797	0.0670310963431224
-0.903127817723938	0.782978778309069
-0.952986551974953	0.753483664767044
0.0143330849519952	0.00847952787363233
-1.5550326535201	1.5551191321793
0.591713344231534	0.571292123645005
-0.0899322915380019	0.0569633728771811
-0.188218991076409	0.129366199984691
1.11688073892008	1.56317882691986
-0.770303609264981	1.14469100969665
0.581750052752087	0.791388747873812
-0.773221516720485	0.922339096661329
-0.277891894593014	0.205894304240094
0.0712886811272027	0.0475194492032412
0.235027566536502	0.207542956829167
0.326158766856334	0.334483656692586
-1.25939428096559	1.03956708822613
0.14956397550031	0.0992862005450015
-0.743534020411128	0.436250984982788
-0.402603955097028	0.370107429970269
0.127707535664443	0.0798287796789291
0.014220053082912	0.00841205793667898
-0.952506467124345	0.752785084311741
0.487607291384553	0.451292512033429
-0.308538412454802	0.247755590269435
-1.33530738713285	1.36599056422715
1.36765057116675	1.86159743369592
0.292356645031555	0.237456460444648
0.59566970714312	0.770506768522288
-0.0354340561870368	0.0279288542737707
-0.332758753402239	0.329187789000794
-0.333066515455719	0.32945751465944
-0.0424612219641748	0.03052112897364
-0.441306162389583	0.484285933992704
0.395845255425776	0.435243212558533
-0.142340731507852	0.0989783159466712
-0.103928807090166	0.0731008000284382
0.045446094624184	0.0286140165767844
-0.336999732958113	0.24691407661681
-0.463811777568539	0.293371790808772
0.384256683599468	0.266966405570818
0.0332284124041195	0.0165255285383334
-0.80630014939519	0.653003751834115
-0.593377899869592	0.495303063813253
-0.384853879726433	0.329994502245479
-0.38493959934893	0.330190581528907
0.0957321212561836	0.0673834346926702
0.761724673680659	1.02478608826469
-0.0706816745287086	0.0502760850209133
-0.477671526482693	0.494270434966232
-0.121145535609454	0.101005550239722
0.0141289091183749	0.00836045154881416
-0.591914788762373	0.60622200598291
0.034273971206395	0.0241747221503648
0.219564792930851	0.125967159655084
-1.66766845328351	1.05937389541901
0.129948950282375	0.0555267392668019
-0.186405306554122	0.113556644367664
-1.14612210424276	0.87745345592495
-0.776436413149101	0.386296542223951
-1.41536990902016	1.0386226134342
-0.271946757622245	0.134275185027705
0.129857165256718	0.0554834424697296
-0.220210505306396	0.179958612665215
-0.227876705669998	0.170656982987083
1.27101485920504	1.48053756102165
0.206368285531102	0.202227625038554
-0.0902281974109187	0.0571480785587171
0.14956397550031	0.0992862005450015
0.499375888145483	0.424861919593189
0.104834148710105	0.0980658629712993
0.568995085229454	0.591196487583279
0.569078917222635	0.361560238027218
0.0722762431184934	0.03921341407439
0.395329955136825	0.421304841684288
-1.81839032674097	1.2592677610871
-0.389502685393829	0.182238823572662
-0.593174053595203	0.495045257083913
-0.776816482725713	0.386498970561457
-0.181943935883664	0.0938208034316995
0.380418946163049	0.192101283872113
0.939468188510465	0.525510098214569
-0.114527084282193	0.0613359099423007
0.390306277305351	0.331874731097097
-0.277200876805338	0.205272954263833
-0.427786788487819	0.337109362492184
0.115911151395469	0.0858117372749392
-0.114086812122467	0.0878968634507284
0.114742158064593	0.0848641002531961
-0.0511867721675403	0.0433807858848688
0.185952286002213	0.137371570045172
-0.592308168833269	0.454218145313375
0.149722074176757	0.0993972726036244
0.00703291146089545	0.0052133737443619
-0.085829740750209	0.0374157515734089
-0.172409580035499	0.0705269291433486
-0.525867890315471	0.50912316872029
-0.679289940017929	0.605287846002392
-0.0963719692706008	0.0808874312424266
-0.42743455773614	0.336762298131806
-0.0186177449389727	0.0121305664488413
0.175756607149425	0.154783944081379
-0.502593858939122	0.391368853820251
-0.300207350282995	0.331924601468799
0.569126678076695	0.591727099556025
-0.115349804768478	0.0618198052065707
0.127187838187453	0.0794954379442032
0.488093687096266	0.451940130688382
-0.743971048777164	0.436537686051128
-0.583656031966242	0.356902286202087
-0.436612675651146	0.241179490901457
-0.839506006386866	0.613700697464702
0.692581465633294	0.332420818622936
0.384439648829815	0.174502157155665
0.272535830183094	0.200940228178382
-0.0188478481961407	0.0122797539726644
-0.591404589399695	0.641869402828917
0.741591347711093	1.17916556435717
-0.661419215521328	0.673149506973856
0.771298258773638	0.865086429302034
0.771109400203924	0.864756109848334
0.396271357824377	0.435861099566748
1.17231207882586	1.27150281273375
0.236693847555049	0.14635874538675
-0.689750358539961	0.568450605218123
-0.591988338410801	0.678732530843349
-0.77583578382403	0.385775442908969
1.14947228961596	0.733951333042857
0.0324803020931558	0.016159596676943
1.85885256342059	1.11391719621816
-0.30186123248638	0.114344294945834
0.387275909570936	0.314660316161012
-0.335934244324161	0.245932843508102
-0.0184934217190925	0.0120495228743474
-0.403168072541653	0.370752102268957
0.70476569590547	0.708764625699539
0.471816717126717	0.505842349946404
0.493054296590658	0.438075720948024
0.291371694242755	0.236569464347935
-0.0518872664176108	0.033358803318687
-0.0206137319666724	0.0117100117912829
-0.0854186365609999	0.0372336127371123
0.86048476411899	0.866991592329428
-1.13343953946609	0.698640117289706
0.595199962525019	0.347915008696785
-1.28115003545216	0.864890931236707
-0.700504544518292	0.526244916902392
-0.557819071033484	0.244364502966291
-2.16855341865255	1.13457403476967
0.384746781390699	0.25063925597187
0.789388733331575	0.701751359461779
-0.185195129712657	0.140133303772381
-0.30780826348398	0.246998841407737
0.389242899498173	0.330932381742407
0.23591198678576	0.145813280534647
-0.700761592646913	0.5265390907778
0.317223786364969	0.30353730113971
-0.308183902117578	0.247411086973662
-0.299595963173436	0.19940314615466
0.788666463744541	0.700802811355149
-0.335754528934316	0.245730645752198
-0.966105635140893	0.538089627246274
-1.14677135487753	0.878334661177168
-1.08883959716381	0.502699505381921
0.219376080365216	0.125846019023877
0.621820550623167	0.553212483249402
0.0950659003285198	0.0668894668544765
0.044534477103789	0.0280352457860581
-0.363441524448583	0.289182802989698
0.918808643566832	1.03320700291551
-0.308559607459159	0.247787454402326
0.507552230475244	0.412316431596319
-0.308226139038778	0.2474448038682
-0.74195910101262	0.749871314467184
-0.186909144354264	0.113872788212703
0.38231354058057	0.21240605852907
0.0452510537624211	0.0284919294194364
-0.55735975728574	0.244140038228301
-0.172330859760746	0.0704991966259504
0.072132799804968	0.0391388530265366
-0.661460877609179	0.673212508659471
0.666347112277025	0.719744750221316
-0.772823547137466	0.920898073311714
0.388845383298124	0.330452790009128
0.116473829186539	0.0862443900175809
0.492858251217792	0.437867039470441
0.237351128070606	0.146734350914125
0.591945121851264	0.571510603003598
-0.0708409739226933	0.0503927941541159
-1.49919315551814	0.866177289798674
-0.085829740750209	0.0374157515734089
-4.20252589140886	1.57260089563517
0.249750206089094	0.164736441383124
-0.332024326695774	0.328269545902971
0.0139247248330058	0.00824109522599784
0.517781492558566	0.399792589356243
-0.278985876112102	0.206842080705569
0.6455150850092	0.905680424084544
0.0100474295860321	0.00673143254272369
-0.372710978863625	0.242645782142838
0.384264922646631	0.266961737317526
0.0450941260675235	0.0283925509547123
-0.134286437110502	0.0835762750014481
-0.556614735142323	0.243719575714471
0.0711242429739443	0.0385855700073999
1.30869161952456	0.581044544589002
-0.301207197913351	0.114082475276051
0.0723574650053683	0.0482623307086489
-1.02377410871276	1.07475706019744
-0.07027848914908	0.0499757502840278
-0.578827406622576	0.305295679912071
0.101727939375352	0.05949258960214
0.261778086245984	0.183022787233715
0.283922537889614	0.220138935654511
-0.0186600833739982	0.0121583471931639
0.101081760301447	0.0590938250727769
-0.301207197913351	0.114082475276051
-0.219603198240501	0.179381890674393
-1.0894376921619	0.503213801499961
-0.586840726488142	0.405949365255773
-1.49919315551814	0.866177289798674
0.129249730439928	0.0552181208721092
-1.66835956896183	1.06008418080338
-0.717295252200791	0.481406746416278
-4.45457122125189	1.83973722902758
0.383675939907485	0.174087909739587
-0.384875388314016	0.330090526419913
0.0727481902668256	0.0485225451123443
0.388345771820159	0.329930806263137
-0.0189933090316377	0.0123745515294224
0.0324803020931558	0.016159596676943
-0.150368823754288	0.124613610547532
0.0275359635806731	0.0213317682584661
0.697688286369232	0.533839339423719
-0.330492360585561	0.189703678604158
0.169013063230402	0.118588851044695
0.0836862021484241	0.0314820106158055
0.126847762762839	0.0792735647391362
2.41015051720433	1.98618133748073
-0.139258708787851	0.0397553524568051
-0.486459560099884	0.344804347302225
0.0942915775669954	0.0662984321990072
-0.660687617539119	0.671991453820448
1.19810633432252	1.44289141664718
-0.372453566160504	0.242448039725143
-0.187672227235765	0.128977999072392
1.50004933901513	1.20003914428077
0.780257852589173	0.331061629231793
-1.38132393883153	1.66276342664982
-0.0849564779270959	0.0370138115351434
-0.302011923493779	0.114426137674261
-1.08898589378082	0.502786075903476
-1.30850050087636	0.680067399264559
-0.0220375361345324	0.0125141497063258
0.201698952124077	0.156519276738643
-0.261555158455564	0.211933481136974
-0.700504544518292	0.526244916902392
-0.363611126768052	0.289328089629152
-0.354322411371931	0.327726763570163
0.168843527580837	0.118458360031002
-2.18717582276382	1.88270022818096
-0.329901828647139	0.189315386906608
-1.15803837531472	1.052358907323
-0.2491733834332	0.147734590135752
0.00588857467864678	0.00190103027715875
1.32907118266159	0.774930821538498
-0.427786788487819	0.337109362492184
-0.249105241275102	0.218348799569101
-1.02467233029601	1.07584678803954
-0.661419215521328	0.673149506973856
0.273057454558558	0.201380734973288
-1.49843897943593	0.865428605958402
-0.17202863771562	0.0703563818212956
0.754956019146415	0.701425038117168
-1.53809439433633	1.2192527210666
-1.3076721679963	0.679786212577572
-1.02476166269403	0.723572630930879
-0.248164961712001	0.146965208125515
-0.436866011417007	0.241284069109317
-0.556701713000141	0.243766524436716
-0.55773242323011	0.244317689807602
-0.701522776125745	0.527165850210459
-0.45704474787121	0.417167647331946
-1.46329028894421	1.38076028855046
-1.02333167098264	0.721456276582403
-0.776816482725713	0.386498970561457
-0.58756138040428	0.406585318283645
-0.115304122290715	0.0617863070979846
-0.557161009431051	0.243955833867403
-0.965943918875302	0.537736603010297
-1.7552994117364	1.59695722550371
-0.183562452622302	0.0947176722236257
-1.3076721679963	0.679786212577572
-0.578005465590871	0.304647905871406
0.00633945431459683	0.00203784566389168
-1.13290811473184	0.697858340121003
-1.41562339306952	1.03945385037958
-0.867874899174202	0.813810255531235
-0.0900446211449716	0.0570304013687593
-0.390457511569293	0.182767055906993
-0.743002620535738	0.435786304697007
-0.463524277970629	0.293201471568973
-0.776056450475121	0.386063720407993
-0.239573750273899	0.162335407706025
-0.186015905770752	0.113295491069645
-0.401196602942898	0.441432039486365
-0.336342135333983	0.24634374920067
-0.806166867316809	0.652806439253235
0.0717487900838293	0.0389313553315227
1.25360712050975	1.30705818800887
-0.839988397275364	0.614217974012881
-0.415451832354495	0.481083622783173
-0.288571277067076	0.251243514626896
-0.188980833045334	0.35348331127975
-0.156004606159218	0.227994066457453
-0.129592456274684	0.151601893797964
-0.486449845698563	0.34468117084081
-0.18231851369888	0.0940477132535558
-0.0630545552601754	0.0348910810013625
-1.26002028225577	1.04047040085559
-0.526632548094356	0.510133550197476
-0.182693700509713	0.268951482968175
0.362907533543806	0.577984727460429
-0.136752000942209	0.137827184314604
-1.15739340412255	1.05182987849233
-0.37335928562248	0.243133184079014
0.0140833190921492	0.00833357685317767
-0.0952772871544043	0.0798934558071506
-0.668589425250638	0.637823812699049
-0.592074428124938	0.606424102676229
-0.227730982368649	0.170539627623677
0.0382023747454129	0.043242141702922
0.162160529914344	0.255898321836577
0.0473109751023876	0.0452386944658256
-0.0991840930471438	0.100425381429011
0.23530808346016	0.207855503693498
-0.272778295474291	0.302232673104772
-0.486032284463594	0.53159808907391
-0.104867307697566	0.0941822209762923
-0.457690937266165	0.417863059412598
-0.464248489954245	0.293834858211746
-0.354845210343142	0.328318407422513
-0.592928783006452	0.532781435691555
-0.47924608832935	0.496415805716064
-0.219443717776605	0.179236276714058
-0.810064033859639	1.06070782996936
-0.26281838186473	0.261598152460654
0.148083462253913	0.139419849647883
-0.33740774148591	0.247204147996319
0.079318457777039	0.095089204770112
-0.0476959873791635	0.0511111556259246
0.253477978499504	0.304664606795504
0.114901414138436	0.084989965188924
0.349121093945241	0.448619424042794
0.344780065435824	0.421050238795461
-0.315452282531902	0.331026297543003
-0.402689311000014	0.370199452955939
-0.594141823553294	0.534052863278351
-0.219805566945724	0.179579201372842
-0.593694719657794	0.495596875034529
-0.402891683111751	0.370422775839988
-0.781114732297648	0.688420040332203
-0.525834451390404	0.508891919983064
-0.20368409215644	0.215452659724074
-0.153712157663089	0.136890835478377
-0.726853294811413	0.780367274594999
-0.132469741133177	0.126049598201035
-0.163257357326424	0.199360521055214
-0.360370093299199	0.574573844038202
0.218479255745834	0.303775383755548
-0.468387427404986	0.594084624041906
0.0291273905782121	0.028541054503855
-0.0833850240307864	0.0751602286955682
-1.55528806336735	1.55559081471895
-0.689989829236714	0.568698412675759
0.101462584153876	0.0593376877785001
0.187079441983183	0.138267862265573
-0.839941741982937	0.614033749477365
-0.443812298973479	0.377517665018346
-0.115108239055747	0.0616850332279238
-0.996340225159105	0.92226399140214
-0.184630497316086	0.139662895897511
-0.0706816745287086	0.0502760850209133
-0.332133955307834	0.328427036751017
-0.45728796769015	0.417443077056562
-0.114463344940761	0.0882202571388459
-0.55623477982176	0.829777716102579
0.0812111598637544	0.084987399706513
-0.158144261880469	0.231831310893865
0.111271373437261	0.137696178804485
-0.473653462895844	0.759261558120343
0.619619485869311	0.930406069166559
0.465775657989404	0.531653575473738
-0.701286198504929	0.526788680668663
-0.273060613682091	0.134831755755468
-0.250038130696016	0.14829839657631
-0.337158026580886	0.247041812441982
-1.49919315551814	0.866177289798674
-0.299653980091881	0.199367850314518
-0.881694762390477	1.15012802248007
-0.536185093621835	0.584849469376033
0.136134050213998	0.123750464092093
-0.690472860940657	0.909408103825572
0.0348506967588518	0.0245939760849169
0.00596123787823703	0.0085585763643688
-0.0399284174134347	0.0504726075530141
-0.165346921551491	0.218506214185101
-0.0349079845625832	0.0275049191627804
-0.289209643599338	0.25190755836314
0.10119713580734	0.0591694533628253
-0.271462158069	0.133981374578208
-0.372587081353577	0.242574156802219
-0.227209895085503	0.170056440440442
-0.138740395985668	0.039591027620515
-0.372269835287666	0.366519763462351
-0.649063177061473	0.740587462034747
-0.592561339687159	0.748685120220787
-0.427230664753986	0.336554838975276
-0.239573750273899	0.162335407706025
-0.238893584109383	0.161807118362011
-0.264975458103543	0.308675526336778
-0.187234125484495	0.128621390220165
-0.209220056926377	0.309065496802802
0.0262395084455426	0.0366696762994339
-0.179550135183661	0.237220923859744
-0.105393476817721	0.112435662040411
-0.153084566850389	0.13625054992101
-0.000708373886173228	0.00102236344144343
0.229227891114682	0.378451514892201
-0.822129402313835	1.78538621215195
0.278431247672896	0.301768088179926
-0.835677448493048	0.837951163829414
-2.18733814148449	1.88214250559811
-0.557074062543211	0.243988580759618
-1.08978781781434	0.503340935207094
-0.249270204834663	0.147789290806825
0.384725020709514	0.232741223930052
-2.03153622847783	2.18984212164269
-0.308580747426362	0.247798457899284
-0.147824899418228	0.112940339154786
-0.43089668554587	0.448031030084896
-0.741833673916077	0.749362453957632
-0.505105065352063	0.639537440611525
-0.104890268787291	0.0738133137782446
-0.807068316673184	0.653757655850608
-0.0291926927272946	0.0380277482667741
-0.168265279226312	0.238910819471053
-0.342984193036198	0.511104612529853
-0.140051609924294	0.216950898909675
-0.619447457365816	1.23431640671556
-0.0356879489876629	0.046474605311154
-0.199110211815604	0.243534892584801
-0.30153234604075	0.333799871450368
-0.44367666167894	0.687227268533426
0.212289110052772	0.414753671243253
0.600791312353553	1.62971419665793
-0.197598210971088	0.251949161270343
0.0615074699317568	0.0656571908807659
-0.0619872970669695	0.0559853784628753
1.46732879787978	1.57964049645989
-0.372329725591541	0.242364824091801
-0.578245908749132	0.304934080913825
-1.14612210424276	0.87745345592495
-0.390384825222988	0.182675327209902
-0.655381910581948	0.70814578350858
-0.0498190449081625	0.0421786986033189
-0.0949597645650163	0.079612785299724
-0.835639786688613	0.837425387011471
-0.741771427413726	0.749617128515545
-0.227522430241687	0.170347672395687
-0.198109411357096	0.252730284768478
-0.385972072679666	0.788157260019177
-0.453603244482917	0.846968086885093
-0.220578797512416	0.32522298968227
-0.148839912563544	0.230684966990577
-0.352365908886284	0.543807676654346
-0.48425198949299	1.10301466450568
0.0307193356193237	0.0374414006287111
-0.207075843106941	0.315396785553316
-0.459226984540999	0.785013962158947
-0.398596507135671	0.740472926025617
0.0287815858614407	0.0362869865668702
0.0413170261718689	0.0417254331960613
-0.147510405835844	0.180087098505063
-0.160453863259535	0.263270544959183
-0.572901121588788	1.23112553491178
0.254345070579416	0.424897019758811
0.137805988202044	0.141847560565818
0.39642814146833	0.436072560527944
-0.789874322189771	0.892624471845375
-0.0854186365609999	0.0372336127371123
-0.249750969468336	0.148093375606031
-0.248452113421563	0.147194188700982
-0.587177451431011	0.406239915798469
-0.876506697266199	0.984389090617926
-0.207188891264394	0.207531262990209
-0.122595333794845	0.130631047582899
-0.22789768925236	0.170685484068617
-0.52050676090218	0.471646413172279
-0.147459805647174	0.215892509003241
-0.198997366194169	0.23242094666965
-0.143087828107176	0.159877595416884
-0.212846469659012	0.282412842363861
-0.159210411123495	0.233673778538164
-0.364913496556073	0.674778093031036
-0.078033335962972	0.0989923926856421
-0.125022045422038	0.182060483905148
0.120998561837128	0.165091646530512
0.400095573219516	0.848314906203412
-0.535539589261344	1.22706089000884
0.317685623515998	0.594136640452706
-0.00233232620544342	0.00250495348160009
-0.0388607726045297	0.0490585419359385
-0.381048315673236	0.608725257628165
-0.154645565211752	0.212033982934893
-0.130660303893293	0.207204733030109
-0.397909799688927	0.738804853370258
0.445650227852004	0.667820993026156
-0.158893462926213	0.159878913147679
-0.416115860101525	0.642550393283336
-0.43634755468228	0.651745102564096
0.194170185930304	0.241831087284655
0.39873255547269	0.615914967458771
-0.106062017732383	0.113215323974432
-0.468905754954028	0.457111877127544
-0.315665450375151	0.331297765318042
-0.372956526257711	0.367337649009563
0.283818841054774	0.316768889689948
-0.1811011304053	0.181714160477089
-0.473441720969855	0.758670224118206
-0.532786556159896	1.19206504266551
0.108012045958598	0.141381148799467
-0.27814888101265	0.426159345766045
0.200638655644086	0.317832540530313
-0.0645614047024624	0.0756693260200129
-0.154960443873018	0.205416204239672
-0.0369716020722123	0.0482282462240752
-0.0704968778310449	0.0859241689140505
-0.261293215329385	0.413885543413849
0.201883426906749	0.401395754047815
-0.495577909079091	0.928049894383605
0.0466474049837057	0.0376880170338618
-1.38095977510251	1.66224503054844
0.0225080519245744	0.0188338385296768
-0.122971299549858	0.131068407280023
0.124747948123406	0.148863592722015
0.189693323885175	0.261172974221425
-0.543479582770164	0.656322622478668
-0.0834568673551049	0.0847525312872224
-0.0936289280114985	0.123256927161838
0.129540945921154	0.144154471157369
-0.21294136439373	0.293893844893512
0.103931263868447	0.142824199031362
-0.136721537371977	0.205345534509559
-0.418785222832041	0.861532018624126
-0.181157222360179	0.29069193788505
0.10038000259808	0.135733382265342
-0.712677121214526	1.38592220983231
0.0546129856561237	0.0710032337274569
0.161435723991359	0.219677228192812
-0.0971354671953022	0.10894003164367
-0.400913042810973	0.640063588455149
-0.690428316966735	1.22446530862997
-0.0454762811587474	0.0510869147569396
0.82435768546445	1.46640167945201
-0.532271402039157	0.548498526609926
0.0923702582805759	0.0835333210549408
-0.146814838720878	0.112078878363364
-0.218922376034744	0.178719718977202
-0.405441702632754	0.774583863722105
-0.0705029933150187	0.101522030105422
0.0473841991584462	0.0603523571310327
-0.196267478731821	0.249881861947808
-0.524988446927187	1.06719333094945
-0.0529133435484364	0.0691128159306091
-0.496852962811706	0.931483463754636
-0.29170567682822	0.418210441337456
0.0331565706034505	0.0306710257919487
-0.697638981023298	0.877842622419928
0.433626273132156	0.780174534308901
0.0973230711456659	0.137742113670358
-0.271622937229516	0.519547770572324
0.256688763420498	0.435519317383691
-0.140686427979957	0.179596629423042
0.597189767232821	1.13393477852837
0.20132213465095	0.156204689922363
1.17204648196409	1.27245230775934
-1.41639721345233	1.52785305021265
-0.403707522855862	0.29113203792968
-0.0117005763738153	0.0165633025398304
-0.358495332482202	0.729634908797356
-0.527271795244524	1.07424201632938
-0.5165456048165	1.17956044330052
0.427356443191018	0.93974524878195
-0.595249904270397	1.40434618283342
-0.473937014648313	0.759922037640749
0.445422647291398	0.667388870612829
-0.234501403475354	0.234280020252562
0.613254895444964	1.10602745859919
-0.0594351861878273	0.0850505024432246
-0.197817066797197	0.361977113930627
-0.128039299100657	0.192236137541263
0.101016118074226	0.103190600800166
0.0384171330571054	0.0333465765939678
-0.772981036072254	0.921934955789299
-0.239006949385223	0.161905443744543
-0.678973885330647	0.60487539800645
-0.810922888376855	0.86520126097718
-0.519091108878878	0.745518905238602
-0.20339748006087	0.337247834246612
-0.170319895782223	0.272506419330951
-0.0347424131614591	0.0535481523442587
-0.456628096819373	0.656476548503875
-0.50665449242952	1.05352442069578
-0.352754694002566	0.50630034899739
0.397979812419694	0.477075321925212
-0.592563748661132	0.607107485745998
0.356672572701266	0.513978383745838
0.115832773880228	0.208122109154765
0.52817231031496	1.51215301078411
0.110902150288393	0.137170474150754
-0.140081075294542	0.148880826039062
0.397179684438351	0.475800417751268
-0.0628059599093682	0.0347556752436137
0.754388576783253	0.700579803152955
-0.776056450475121	0.386063720407993
-1.13302882037143	0.698237432765312
-0.186272383722074	0.113470545102492
0.213520953839078	0.173347278326435
-0.519255587963004	0.47007428640083
-1.16553931019279	1.49507928835829
-0.591325853123922	0.914463116706015
-0.505420131540787	0.838988376963001
-0.194241768492594	0.276444221649693
-0.116917562584701	0.13712451772297
0.192215949945237	0.239060482302205
0.256176703643137	0.374288027798207
-0.211208292100561	0.279632199771933
-0.294712041961964	0.375304664102793
0.0274862025398081	0.0212907481317848
-0.0634688001587225	0.0573970244492383
0.730017853806604	1.18570518945511
0.398174277008137	0.477223037552973
-0.737361273891647	1.0123147069202
-0.226647261966913	0.169520650193999
-0.0415049462953672	0.0298312767100457
0.389785342852771	0.331446653142791
0.0450941260675235	0.0283925509547123
1.68256125985949	2.61000090407653
-0.513259964513693	0.432784714987545
0.111725487035925	0.156922093499924
-0.508511295447143	0.871623955292449
-0.303395941928852	0.451107430974974
-0.120816400258878	0.165365781320741
-0.272324461335193	0.346825037251927
0.300511318373612	0.373613009884487
0.391621875123453	0.36179213477619
0.208212256502094	0.24194167960177
0.178733624429641	0.185388487438958
-0.160866776016374	0.179518373818734
0.468013494863094	0.517950330553843
-0.592362786193231	0.714036286836567
-0.147303987036919	0.112517074553261
-0.427981256252872	0.337243217183785
0.16272799065068	0.137686716454116
-0.186964646546735	0.128429980063374
-0.675015887729526	1.7458482819556
0.0398455306397896	0.0451846427849834
-0.22170235266835	0.338801316891921
-0.208887821675647	0.308496644522824
-0.0231336179487477	0.0248165860579951
-0.0939585420456634	0.114695334741595
0.528294190185984	0.888460761264905
-0.350359728981415	0.36675076737516
0.36094818958879	0.553429079460359
0.238852526930338	0.413693273482761
-0.290122115478837	0.460315497240457
-0.571521701492831	1.16825665615948
-0.561646836938701	0.932830974672697
-0.062942527504907	0.0568996001126727
-0.249700929391401	0.148080019848136
-0.867467305057454	0.813567820861054
0.0943395565888303	0.0764393750120194
-0.0633755355513365	0.0830525025482049
0.118531161739633	0.150051954915858
-0.475273137047481	1.01062802224443
-0.0827611327028775	0.101067317167372
-0.0617418122249559	0.0661512767044328
0.0630524205978714	0.0765196148666854
0.613771674811905	1.10753266653677
0.0877195373947455	0.107678449111455
0.177790539252441	0.234307964287612
-0.0679982567505089	0.0761836036906704
0.350351162204415	0.46109721477101
0.498075629271255	0.7360973606648
-0.067578025460761	0.0756829308061893
0.278918688482176	0.302427714878896
-0.104553852353243	0.0938811419368991
-0.402689311000014	0.370199452955939
-0.394586381665014	0.609919992743145
-0.334048297577909	0.549558837864741
-0.121275304547614	0.170957323486282
-0.158094616911522	0.224758448573642
-0.0778887232846487	0.105661427776171
-0.224442523901634	0.383791898977514
-0.620087330691418	1.27070982913878
0.00540579074518482	0.00616006758163953
0.164410960332805	0.184570640918564
-0.281362664681944	0.343315157616114
0.290879648637689	0.437565941047534
-0.198724306896025	0.242974306876754
0.0151047087305335	0.0176261301796767
0.257218261704722	0.376144631262585
-0.159338350023653	0.169061348329436
0.222519999533577	0.232294673219552
0.0802981877188996	0.077228351861124
-0.183958224964232	0.15151917740734
-0.486203273812509	0.344571853234149
0.236178243797869	0.145997792992884
-0.184904631616272	0.139824203480433
-0.333368643388302	0.288137723960055
-0.418210509888238	0.41000954669511
-0.18465206163413	0.139683302062533
0.17208629411451	0.281297901569366
-0.427824121187704	0.923149753664166
0.172483727940256	0.301911188727247
0.654795833164568	1.38494920468401
-0.619327376018117	1.23349445041338
-0.963531141000934	2.31553042906651
-0.534135712005716	0.915599835114831
-0.0892240862623606	0.0952776142271806
-0.401603597133904	0.368733054817164
-0.228252037121904	0.170983213675606
0.345286506151102	0.421788207067484
-0.227445291243824	0.489521077830068
-0.382512376969164	0.963549135932848
0.0596216291389646	0.078888994314725
-0.290115475861508	0.337411993157031
-0.26079617175617	0.211216184041909
-0.557819071033484	0.244364502966291
-0.583910772670489	0.356957275253707
0.954030551476757	0.883592754297371
-0.689510929098917	0.568178344518017
-0.185759449282802	0.113115012407723
-0.688751424445421	0.567054871902915
-0.43094553351179	0.448113297214999
-0.281171448644554	0.432292071726512
-0.00676849457203353	0.00849866663011389
0.327368917027814	0.674684274936441
0.0151047087305335	0.0176261301796767
0.0857609334033992	0.111143315222597
-0.297298645327564	0.529523294283898
-0.425423348063728	0.609758098689972
-0.159601628053776	0.261529895038128
0.467407959774777	0.891500612727952
-0.116086024620942	0.136044366184342
-0.378606224881625	0.438723127530887
-1.00215966499849	0.304734599194237
-1.64986407620092	1.40447353425601
-0.298933462449435	0.19880473313065
-0.0865319666260843	0.0377168395034972
0.0835710255326452	0.0314251305617512
-1.95079628298346	0.916668050039722
-0.0358995639220732	0.0467634747418203
-0.264981021331072	0.565707025063042
-0.201194223041819	0.341988090973225
-0.246473388059652	0.326881617606465
0.08624774228988	0.105695042702561
-0.124744594944857	0.181587235364875
-0.79880316592048	1.2777748507111
-0.0039232301065246	0.00553539082965354
-0.246686890995188	0.435497144626011
-0.0401452549297732	0.0488687304941098
-0.158893462926213	0.159878913147679
-0.953370447195575	0.753839257484692
-0.0183489613390689	0.00842765611787557
-0.0183032197356219	0.00840683025471322
-1.31144101820922	1.50631282112148
-0.776056450475121	0.386063720407993
-0.331449082461263	0.32750914009944
-0.658766096702927	1.13148149457495
-0.68880566141696	1.89224278766215
-0.288560369949749	0.566164911957969
0.280568241617307	0.552111468816514
0.0721591845992238	0.0991529653038392
-0.148540082882054	0.223974721502606
0.0162677252386385	0.0219984711421798
-0.285100935943688	0.466348983073784
-0.0764574022675663	0.0896262050930466
-0.65061837644443	1.26389001225745
-0.592771572625552	0.570068974154341
-0.557740203508468	0.893368365435985
-0.209607608133195	0.385671876863572
0.143505476352896	0.211344057408591
-0.0892634720537146	0.104673584369946
0.398441486763482	0.515882205103695
-0.0502331273028977	0.0425455991078813
-0.59356627166378	0.570993915369346
-1.24964782050263	1.20791313271254
-1.72317882542179	1.91484648471215
0.389264440191324	0.330943190584247
-0.700884931521114	0.526689483216691
-0.0209359569017703	0.0118948994226267
-0.493597526441465	0.569055614557725
-0.746838992768676	0.981123124171707
-1.16787644035232	1.91591511187218
-0.590954783643294	0.711750177033979
-0.118959559050647	0.145189631999402
0.045966544829605	0.0679373492589179
-0.0186162344020226	0.026423766889759
-0.00566009030137563	0.00820720128338637
-0.085717020462292	0.130897433138714
-0.0262251667505558	0.0351598199471124
-0.0781494153473476	0.112649674547671
-0.128785482423917	0.170306525190355
-0.414592568912966	0.770415897855675
-0.493205003604187	0.898661927803105
0.166890792235124	0.267982425475491
-0.157344648257837	0.223519588898025
0.0414885228975538	0.047106467969642
-0.25296077386187	0.322596330551839
0.00547652870264996	0.00440751314847233
-0.289774942588268	0.252458272464419
-0.104138194163793	0.0732666828876459
0.149880176549512	0.0995036934194386
-0.996761840445579	0.922264710384267
-0.678520628104201	0.604206493828841
0.196997544716947	0.103691001666309
0.0139703149538377	0.00826757430059525
-0.812093503601834	1.06451877633111
-0.822650226355073	1.40886745022736
0.859002695474315	1.47232853421283
-0.451267051903744	0.520436483599617
-0.227443117431371	0.239817802517261
0.125482172170065	0.14983636308128
-0.812294970499991	1.62552668953227
0.114351697958849	0.132697753663686
0.00626185354978414	0.00899489054745194
-0.462454750187223	0.911394649484143
-0.411462607528895	0.884498136289115
-0.243917168764386	0.429108082315968
-0.00529071321000632	0.00727018967706681
-0.0591334704011294	0.0749776355629584
-0.347689356852181	0.741567908045794
-0.197457935846918	0.282042355829888
-0.449738395833513	0.908474173606754
-0.411114655989653	0.545205568497052
-0.132131861598637	0.154969143747425
-0.510778919524178	0.902240243779632
-0.364305770179445	0.543374913090374
-0.92628359532094	1.74489434965056
-0.0987356764138561	0.0999352992598254
-0.0631956645214666	0.0571345401748707
-0.70101866367596	0.526806506591535
-0.512945589364583	0.432581556033303
-0.121977531369238	0.101763227791461
-0.909382400735192	1.13090132661468
0.499193327290331	0.42466225128932
-0.705275341808281	0.844809488632588
0.0325783806233575	0.0162083672083924
-0.586600486077955	0.405694107810445
1.07379753298336	1.54356325384319
-0.640852582962151	0.807499009921822
0.0236198418890723	0.0197706612516588
-0.315295302134452	0.330837345706867
-0.76000705430277	0.953623724704784
-0.315295302134452	0.330837345706867
-0.55004369007089	0.727298534983032
-0.301300571569183	0.333327449504486
-0.0982128695998163	0.0993421410024521
0.090528314465763	0.0897336025508103
0.0649241115886407	0.0789455827066131
-0.0616487749539803	0.0885183332064915
-0.15750482220452	0.230700127739759
-0.0947238056085736	0.136860053642036
-0.0603216759701611	0.0816012257998501
-0.26986967022047	0.400954850689292
-0.380592455021778	0.503907966320972
-0.385746068498501	0.575191402274783
-0.247343720776219	0.328324224112273
-0.222662303523492	0.247390659853325
0.59066483445795	1.13845883491225
-0.102347431822273	0.130327758094505
0.233982479080226	0.35162559602899
-0.0981121700362003	0.110113428602336
-0.116366897650475	0.13640392143469
0.460195843474512	0.555677930908519
-0.288411608994321	0.251049003209869
-0.051522577303479	0.0331196292547175
-0.0190144977935541	0.0123881474668534
-0.239369697846577	0.162181165434051
-1.53750270743175	1.21908386073123
-0.882704838008742	1.15222990732848
-0.0523700975854505	0.0336614710237231
0.532030738702111	0.388537304148174
-0.312601703656589	0.290944811335875
-1.12401596599643	1.78201236694461
0.00483711238034317	0.00389644434904943
-0.273909061177602	0.256045494879463
-0.452340738931637	0.522756245735011
-0.49311866084147	0.568188213745714
-0.301260081334008	0.333411589850575
-0.454692359825099	0.65269103701636
-0.0642972926863815	0.0843513738493795
-0.370369408278128	0.87947340516571
-0.089163408078248	0.139942669637212
-0.0680402430667229	0.092062772039462
-0.24118806666488	0.3454040151151
-0.0983891871749271	0.134077074509251
-0.321990864137608	0.479042842140472
0.690398091254181	1.35234863562552
-0.322677920783063	0.480394359754381
0.0799262438881665	0.0768481786742182
0.333384372087608	0.36402073142337
-0.0377624067046603	0.0385175850315391
0.0033499197798739	0.00422739284923912
0.00192180108452322	0.00242650410155573
0.0393562207209509	0.0396784322350002
0.930097733033692	1.63720683344437
-0.27265613940282	0.301983276054996
0.236427454505378	0.146174028390621
-1.85348453965894	1.79213722654527
-0.249316956674352	0.147831479835287
-0.593672681888214	0.495505388887372
-0.228669303924707	0.171284192576538
-1.02395621562773	1.07504314547739
0.384890096655756	0.25072874153578
-0.0217972561816482	0.0123796478873038
-0.084490099922299	0.0656274215811562
-0.583656031966242	0.356902286202087
-0.584247776995583	0.357255403203694
-0.288644598774082	0.251315638018518
-0.630588774294836	0.939126861794077
-0.444354169246883	0.378075583258279
-0.500437100490682	0.605741916494693
-0.592085595675203	0.678770856200585
-0.159963337664651	0.255497458173329
-0.298006062066489	0.601076258196601
-0.055760892119763	0.0775580155681144
-0.105084137199013	0.152365741281806
-0.193825344103115	0.294429679616961
0.317985790208625	0.602325857530506
-0.0603078016643142	0.0815878300613835
-0.365979426973972	0.505509801145481
0.000720574794729755	0.000701938703553023
-0.624338228681356	1.07182906197397
0.115803795232909	0.111814284263961
0.825657688908625	1.02132670262878
-0.19951789412005	0.233144155003132
-0.166477234298006	0.228159022521562
0.043078493093057	0.0518799232373443
0.0807666933527059	0.0909157740454901
-0.247181476993849	0.274363017130472
-0.0144621627229429	0.0123517891755613
-0.299976812809268	0.199695961940604
0.385130800165651	0.250918749491884
-0.891652237315178	0.576190407118526
0.384845222657005	0.283029816903166
0.386428443886882	0.313778977304943
0.0137205320809318	0.00812147174536276
0.948576182826999	0.709336940762718
0.696932413015924	0.532839150551656
-1.55504493366495	1.55508871042684
-1.15598127174198	1.04951835791762
-0.430481539874273	0.447441378214116
-0.279218721502158	0.469380086058673
-0.143470197947556	0.240632950168213
-0.340909586803648	0.542665502787649
-0.005519310919374	0.00714788620233203
-0.105040608906112	0.138540829224645
-0.00287413793927693	0.00322969653268802
0.0730193826662237	0.10046831953044
-0.0943268415577387	0.115198383177211
0.0146232786269638	0.0170555491290616
-0.280542924011088	0.342091749286175
0.105536989489474	0.0987977363948458
-0.424673706694923	0.515474877490331
-0.468746045968462	0.456886500825743
0.0017382901527134	0.00160173000667067
-0.548618502412517	1.11952118682202
-0.0942992084827959	0.124241704525834
-0.216958599018931	0.265094150669663
0.0325145794244637	0.0300634153788196
-0.0945330823308827	0.0792145885206149
-0.051679250503424	0.0332202338669825
0.166501507543095	0.0794584624384524
-1.28226207376343	0.866160490813602
0.129857165256718	0.0554834424697296
0.0332284124041195	0.0165255285383334
-0.583438834002424	0.356755276495767
-0.36347907244379	0.289145532950789
-0.186909144354264	0.113872788212703
-0.248836117896314	0.147482087793726
-0.00549182729660954	0.00796101894637474
-0.069713748871076	0.10028934885934
0.130941693726744	0.218078652685425
0.208437247819642	0.429537853953877
-0.189482981669888	0.362805507710536
0.241009298608668	0.460694659947099
-0.457631218363468	0.97046965624253
-0.290485159721254	0.461080901300362
0.4002273593993	0.702594330082683
-0.461235435367822	0.789726078974014
-0.729702209343155	1.29567060114121
-0.384309565901843	0.673643275475027
0.0371402977981831	0.0516249093414133
0.0460261328457212	0.0585322867100932
0.0645431752866315	0.0784695720699446
-0.0241688393436689	0.0233328751749168
0.566543391999218	0.806940152294258
-0.839603294767487	0.613820931595303
0.735274664726745	0.527139372878533
0.389242899498173	0.330932381742407
-0.186918260646186	0.113891941310612
0.249609701310002	0.164622350280018
0.283401110113071	0.219703187147731
-0.0215161057081173	0.0122218679389174
0.0450562681728773	0.0283645964564086
-0.135065788467031	0.0840784464395171
-0.32459091191109	0.640482432411585
0.00140917388847805	0.00183537325456246
0.0455299040837249	0.0691451304547735
-0.172690861025836	0.292339683954881
-0.670670999448751	1.80370619418033
-0.144714499149308	0.205048145633075
-0.0487332069300795	0.0736059833487521
-0.792986076235181	1.89964575946497
-0.24242147715909	0.282935085446787
-0.4134860554923	0.478482631356331
-0.563998804662369	0.998682014624531
0.0570082325098617	0.0871594508816954
0.377662808371016	0.80585386833307
-0.307090055542447	0.488290345927434
0.349340606564005	0.449002198899861
-0.296432505387135	0.294314357329932
0.102241433577605	0.0598048335979147
0.735589079553937	0.527449287739469
1.19842905191705	0.930047752032199
0.594813094595454	0.34769206452317
-0.806812239827231	0.653537293652258
0.0718358620707431	0.0479078935232958
-0.700360364918924	0.526018174963868
0.127127286505418	0.079446760937946
-0.249076542809529	0.14766120173444
-0.301760517099524	0.114337551940054
-0.502797806284444	0.391557264053725
-0.245617448065676	0.477803289603997
0.048768988608951	0.0651788889005192
-0.0295881970711343	0.0385697511226319
-0.0308481975200189	0.0451485571302679
-0.482505835099439	0.825462189620173
-0.410032134920655	0.677851721441901
0.236479449575221	0.261872824073891
0.271352370736813	0.434916640102842
-0.338465040564859	0.735125595552679
0.103715726038496	0.156675028428904
-0.298700032430818	0.460167281192061
0.596661177060309	0.954051475941111
-0.301707510374264	0.333966607372557
-0.114942245122065	0.0886175946877704
-0.810901823231979	0.865157340270614
-0.308580747426362	0.247798457899284
-0.0208948881242479	0.0118717292836799
-0.363806105925065	0.289526498281087
-0.362373086672743	0.288022876740443
0.48286906683601	0.464978813083459
0.387445506902355	0.314792358451917
-0.261077060461499	0.211513029561762
-0.716255860873289	0.814506458308601
-0.187150562886154	0.128576152867721
0.549691897257322	0.376412458357532
-0.36454739978922	0.40183673479209
-0.590795655961712	0.711480201547995
0.120630789302792	0.202459052078651
-0.0259527945488685	0.0265290193472216
-0.183837395259023	0.151403961806655
-0.294412474146479	0.374814261187183
-0.12670269065303	0.242759218612522
-0.152594261461829	0.256682967119839
-0.168263744653595	0.253958644112038
-0.247357609841815	0.328359874235122
0.165701619316346	0.208745192789922
-0.0420698412455073	0.030243258538251
0.918287254512055	1.03236754190147
-1.14633854601392	0.877800064231241
0.570263488576306	0.362374969161842
0.0719893612419267	0.0390618295985308
-1.23972683721203	1.35611864571277
-0.388672028660373	0.405604749696304
0.261415286793937	0.182728802877286
1.45638882388979	1.74941517849952
-0.182061698340175	0.172306829575528
0.0952108348230544	0.0670022760812247
-0.48608015330698	0.344446413676395
0.0933247227723528	0.0844513156820814
-0.627685567567385	1.00727106865701
-0.0194824262846845	0.0268996311054454
-0.170583361843799	0.250710415046642
0.159337855554168	0.155149349137742
0.17819317644522	0.27920460473313
0.419427440661746	1.11600153039885
-0.0967503014635487	0.160279008967276
-0.46751115805423	1.06206844955714
-0.0506128866735951	0.061714894364092
0.686473068031364	1.50398383796841
-0.0358014307736598	0.0282228184212173
0.641264198982484	0.545356537174067
-0.464392245579449	0.293935836116276
0.549978595927915	0.376666352239561
0.387119366146955	0.31454185152553
0.322244883976637	0.319575546295977
0.245232961792047	0.225271619463334
0.306844704865784	0.271858799469139
-0.336795742461947	0.246753835191953
-0.441306162389583	0.484285933992704
0.384529914169784	0.267104612994748
-0.591151187070799	0.453000521827
-0.182026333340081	0.161316405646062
-0.267076996154324	0.485532693118982
-0.223430473059584	0.392465219333703
-0.22306647596302	0.329976344233543
0.159200634817069	0.232217672009441
-0.143715905770081	0.203340943443088
0.114030847804852	0.15232906793519
0.308803723192709	0.534979621060457
-0.0370179533067154	0.0377321548104611
-0.927770703341854	1.74962838935531
0.0225080519245744	0.0188338385296768
0.128116559890381	0.12794525906026
0.278548135932673	0.30194038962712
-0.254747131635284	0.268453402758454
0.619130829132734	0.929933595566547
0.17842795925568	0.185048349604006
-0.514467008363691	0.709297170362491
0.0283866900521012	0.0278040546756523
0.241453453356862	0.274682733594045
-0.253891279016355	0.267352841422731
-0.140529493477632	0.149466198296656
-0.389529732334175	0.85455245864583
0.403442631392405	0.936816192892825
0.0552077032414021	0.0809994774633069
-0.09220837407155	0.129434917509402
0.331230291194408	0.541612952304453
-0.133436546832897	0.212376098649889
-0.00503404267204738	0.00631310779997804
-0.320121708937489	0.647514252570358
0.0718343182245463	0.0841769036838853
0.243093523702051	0.277049826019983
0.0565348872763103	0.0418843624114917
-0.11598511340166	0.11701618972884
-0.382084177220633	0.506678233115581
-0.449243845774022	0.620570554998082
-0.0824101245510223	0.0836328697910425
-0.181697684793547	0.22231073289077
-0.660818909443416	1.09653330793199
-0.0482092917442006	0.0516835344997973
-0.356485339161343	0.473419247644074
0.505326423534186	0.714559895859154
-0.409439576987301	0.676591939952806
-0.215536204118432	0.262938301444189
-0.207992825208219	0.306837633726476
-0.759862820489279	2.26331014367463
-0.391204361290839	0.930099594687438
-0.293392478878603	0.63025094281264
0.214826293434626	0.363121351847419
-0.202175177773553	0.344138755834746
-0.307763221571028	0.489668524708926
0.231277191907066	0.341440360874699
0.367883243897959	0.679944058598368
-0.283042178452319	0.50248520341845
0.0221835604319676	0.0264373113180718
0.13090252944467	0.206472375007621
-0.795683347618271	1.68312626643082
-0.290314769137141	0.337819281616329
-0.254689387852744	0.268383175079511
-0.722368781346089	1.60698006692152
0.0405839394949681	0.0460532948750218
0.202833056113599	0.296065631060617
0.0650203553958836	0.0834553510022779
-0.194327152714019	0.276602952049472
0.0163267887285	0.0183227847982131
-0.182869250816868	0.251770292144384
0.0962861836996212	0.120990387175394
0.157406747152721	0.210226687036543
-0.494656533763437	0.764904925381581
-0.0621607958656633	0.075950633136376
-0.500556425231977	1.14226857877157
-0.245991958912536	0.43391306590381
-0.387763275931638	0.997248608378021
-0.471624457068107	1.11716813969971
0.0131785589302629	0.0132012561713325
-0.0889977045822738	0.0950124475903515
-0.264948600086526	0.406689991677141
-0.0675291479454123	0.0855539505493641
0.135623425312413	0.205355173019858
0.115100299479311	0.172264229523017
-0.289761209390954	0.502308976360733
-0.28539042986837	0.423808261365176
0.399485858581978	0.689227319103724
-0.118525956285594	0.161758867526064
0.137407360947962	0.198471325779947
-0.547920652245409	1.11709672137229
0.0853476224302825	0.121922782691572
-0.386973862222962	0.736370524065987
0.0727130787529488	0.0953365203815383
-0.157037166270503	0.2230113827838
-0.214346734688905	0.27320195046601
-0.170446625325036	0.250485459234891
-0.0743641784386482	0.104052121923853
-0.180597725670831	0.337087527715945
-0.232740543463217	0.367152861654281
-0.531589783784354	0.547673752427331
0.304356075442269	0.388154529104576
0.270065342554436	0.425862046438755
-0.348563074460155	0.642654698781179
0.219164943902236	0.408969814746254
-0.286770189740616	0.641194032550466
-0.167204035616708	0.229401329776327
-0.100028150079758	0.136549809001652
-0.206842623072558	0.32490401149653
-0.304695838139288	0.557311305914779
0.299900338683424	0.580434058280546
-0.137289639745992	0.206362760138663
0.313914990424314	0.569613194514207
0.124770718157128	0.193198404176471
0.398697102548311	0.77815661142787
-0.214770891476727	0.273868285431721
-0.384144630375093	0.329239372403593
-0.18165931189373	0.160937396185689
-0.153834030022162	0.210682434891107
-0.0483776344544671	0.0730288893133053
0.08153821556234	0.134906059253088
-0.104886749215138	0.186619857577002
0.179237667487629	0.236603625546309
0.0166335464584607	0.0252747921059936
0.0654098189142207	0.109454756973432
-0.217024803196865	0.265193208813341
-0.331317830897514	0.475474909578606
-0.683652942862102	1.6250578169706
-0.0969998135010617	0.0814312127671513
-0.11446231077411	0.133882150526339
-0.0521018745739242	0.0828334732519583
-0.12227925254586	0.228517405340339
-0.212508785830518	0.362263664382356
0.202708233212048	0.433711543449791
-0.18962037435745	0.39479813602865
-0.477543491856793	0.917749657781659
0.13986867940488	0.252502624092647
-0.160987170955707	0.284483131120662
-0.0581321448685394	0.045484780596366
0.147855573899996	0.173723577902131
-0.945533406698428	1.7266677993884
-0.449171490621993	0.619945123496407
-0.458391748354458	0.992206145632633
-0.134978005617211	0.191289240292099
-0.0638025219910466	0.0969346564779271
-0.122282262278654	0.188875907163761
-0.10534930680596	0.13899788257293
-0.356628098459621	0.640521698410727
0.399462551719531	0.791724611708405
0.0709416978542212	0.0777486311754712
0.0631746328696297	0.0766742458143685
-0.0788538289902709	0.100124409033179
0.248777991506909	0.402156410009252
-0.345471991405029	0.735508814470792
-0.304703112324511	0.453593754176881
-0.0512003618943746	0.0624739601547111
-0.625760466197014	1.03926976541533
-0.788183280162041	1.30696503361122
-0.271006897122642	0.442774413631023
0.0732314220191159	0.100787510362898
-0.42679704646451	0.919894532091597
-0.245763440911841	0.433425362498608
-0.0941573728247786	0.114963080101386
0.109671076244392	0.0925327072245968
-0.0450146685065648	0.0408326852505502
0.197610833389246	0.251519508227602
-0.42334242644725	0.745097287141286
0.0902623403650941	0.14282334340009
-0.0936048339319062	0.143176943279942
-0.120182234180928	0.164370381393868
-0.156461720665425	0.214999154200586
-0.0780113798571118	0.0989747571269446
-0.59219591501802	0.679048497288757
-0.0350169283915319	0.027593959367425
-0.241350137576096	0.226824125300104
-0.103719375409068	0.0729206976740718
0.621931828202067	0.553432691291488
-0.22501686366383	0.32171915591065
0.219245339987812	0.344344760651644
0.471045696614813	0.871040214972884
0.186633834203648	0.324722492577904
-0.0951278507707055	0.116284369717304
-0.214414500952329	0.273219641103513
-0.83621150742816	0.838677688665718
-0.905087607773676	0.78599257661408
0.91532392361426	1.77468966345197
0.478670104316665	0.828002472755485
-0.646787218702952	1.32733338679541
-0.153158751621491	0.202644387038082
0.516856559678282	0.915898624953387
-0.30784991494822	0.408348520441059
-0.0246144786804793	0.0237714332890824
-0.948089131436224	0.942581705968127
-0.180463549847306	0.191042270816263
-0.0819271361919487	0.099940569066441
-0.50092299360054	0.80351580205705
-0.198498627350406	0.242644042538859
0.146788427832799	0.17232637307253
0.446481955958641	0.654739017944037
-0.0765921711762701	0.0897991854990896
-0.239732443318007	0.162439804084733
-0.106007498252069	0.113126841211698
-0.401360114806044	0.641304061851839
-0.391800407467563	0.541282670261884
-0.846944708720126	1.55061674591089
-0.319416050867491	0.406904536552507
-0.0896796601371886	0.10519611181427
-0.499696357859787	0.604529432302956
-0.371016880447502	0.364697471782128
-0.512945589364583	0.432581556033303
-0.034649767060207	0.0272979063754821
-0.0891439184214066	0.095180285984031
-0.182266610396755	0.268184183513379
0.156335565877771	0.170704149546114
0.434661769331318	0.783053994673739
-0.18057919917887	0.220713035434816
0.291284895468381	0.438382354708683
-0.0361127069685128	0.0367750529434724
-0.706399695294403	1.1320527306815
0.261982396364129	0.18318608793781
-0.188218991076409	0.129366199984691
-0.364277759784642	0.401478291367617
-0.197239405231496	0.251390509509531
-0.137429159192414	0.138574880538315
0.449625417537453	0.630627728626917
0.00121320453509567	0.00112278380516811
0.302998184680504	0.506788624493332
-0.198148908714431	0.252746639873227
-0.770560949608421	1.14481366978108
-0.403327598105598	0.370896646334433
0.0716662953457017	0.047790900556173
-0.467788897717102	0.723799645123557
-0.100654147193629	0.127990930496656
-0.141974124587888	0.188040645165589
-0.213833245278954	0.272371570484891
-0.749932436196083	1.66775850666364
0.0416915607203974	0.0473489133273129
-0.492434667807198	0.567097689237682
-0.304192086490553	0.370246477679461
-0.47404602637198	0.627382960477457
0.47357227174055	0.846859991108015
-0.227303765117505	0.239823389757846
-0.0517705702305605	0.0438869978969683
0.124929806910236	0.149113200298921
-0.275899029518621	0.477081175649501
-0.125459104062988	0.182795250019772
-0.814919728751198	1.99670514533077
0.0798928234697734	0.0898566274122653
-0.147246742943629	0.21553133294085
-0.397613095013663	0.795853863969106
-0.332717434121693	0.512891325483098
-0.335984771198575	0.619230264343756
-0.307810634990161	0.408544339068862
-0.466803075607374	0.944358394497396
0.31488169518878	0.439854559872428
-0.0974333044053678	0.109279254876697
-0.453545275266423	0.846618294921409
-0.643817292486828	1.39094527045077
-0.0331822382627089	0.0372402097635131
-0.294488051693879	0.374935828167578
-0.676520197442483	1.35146661096891
0.0124349515100162	0.0124506505179513
-0.333480848304963	0.613304804862991
-0.28943863513215	0.336512714513818
-0.182601794876771	0.161896958905498
-0.091562836929222	0.136395495835803
