group	fill	clickSelects
4647	#FFFFFF	8
4648	#FFFFFF	8
4698	#FFFFFF	8
4699	#FFFFFF	8
4748	#FFFFFF	8
4749	#FFFFFF	8
4750	#FFFFFF	8
4799	#FFFFFF	8
4800	#FFFFFF	8
4801	#FFFFFF	8
4849	#FFFFFF	8
4850	#FFFFFF	8
4851	#FFFFFF	8
4900	#FFFFFF	8
4901	#FFFFFF	8
4902	#FFFFFF	8
4913	#FFFFFF	8
4950	#FFFFFF	8
4951	#FFFFFF	8
4952	#FFFFFF	8
4963	#FFFFFF	8
4974	#FFFFFF	8
5001	#FFFFFF	8
5002	#FFFFFF	8
5003	#FFFFFF	8
5014	#FFFFFF	8
5025	#FFFFFF	193
5051	#FFFFFF	8
5052	#FFFFFF	8
5053	#FFFFFF	8
5064	#FFFFFF	8
5075	#FFFFFF	8
5086	#FFFFFF	193
