x	y	clickSelects
-0.0704572178551599	-2.06379907099013	21
-0.07993901411694	1.51333986408684	72
-0.04478733890112	2.19823764636451	72
-0.10189893323941	-0.0199769598788979	72
-0.0863864273038599	0.0284695752842552	67
0.0668031652902501	2.41610619602718	67
0.0298239772395099	0.225234492667163	67
0.11575975185612	1.32042680947541	72
-0.0874684473059599	-0.0712925684714065	72
0.0420949196848801	0.680871727046602	72
0.0102821463014799	0.637800905925465	72
-0.0319105900390499	-0.442525832315582	67
-0.01467875772222	1.53810981540784	67
0.12390054314147	-0.941141195743203	67
-0.01447300065284	-1.43794216121595	67
0.087641170753	1.1778224929629	67
-0.0255692569983199	-0.0287004428444355	67
-0.00682165333497009	0.318280046183514	67
-0.04483162908487	1.70209423027132	67
-0.0833291574317101	-0.685172413737012	67
0.0656275701481399	1.72198418518793	72
-0.04689672611969	-0.121958056550335	86
-0.05174286722002	-0.0230739090855892	86
0.12254196459789	-0.810160833308327	86
-0.01247375502003	1.57021274616793	72
-0.0613112653526899	-2.02861190898276	67
-0.0392931147895701	2.48020269002983	67
-0.0613933358899701	-0.569693662809177	67
0.0648461863543901	1.58946567041744	67
-0.00758476156132004	1.58610359498767	67
-0.00258595846559007	-1.12741765034183	102
0.10341854445913	0.275690528893318	67
-0.02233172319944	-1.33434467556145	67
0.02784987084121	-0.74532571513495	67
0.05136381731916	-0.231258108818134	67
-0.10596146802276	-1.24927073744238	67
-0.10600233381794	-1.50878546960905	67
0.06980353394481	-1.86380096302629	67
0.0256612307475801	-0.196463713867413	86
-0.0274268853953901	-2.05064676510763	67
0.00271741706486006	0.382474408680078	67
0.09043491590496	-2.25581426216349	67
-0.0586170971434099	-2.29030777572074	67
-0.0588534830566301	-0.431226633486464	67
-0.0766001836696499	-2.063409249775	67
-0.00477819889197995	0.347321554726808	67
0.10541983157219	-1.91500429332746	102
0.08636866167206	-1.08761497135194	67
0.00407806664687005	-0.0170870030990784	67
0.12155961824399	-1.25649179102168	67
-0.08867960055571	1.77448073144264	67
0.03653245766208	2.21504496543789	67
-0.0144668497337701	-2.41873113705795	86
0.06912977039053	-0.306253861330505	67
-0.0900802925735	0.606419194547993	67
0.06633717560751	1.73624446147428	67
0.0737486021754099	0.151509841547586	67
0.09597696067728	1.21178975535716	67
-0.09501302759817	-1.59818456800831	67
0.10277576474319	2.22811710187897	67
0.08793948971534	1.43997564688524	67
-0.03051863716182	1.47014417294425	67
0.0897403723219601	-0.223309511301164	67
0.04989263396934	-0.644115844042016	67
-0.0940156440013899	-2.13048733661222	67
-0.11627464030755	0.384283142422047	67
0.0996848992191699	1.5301984690375	67
-0.0499727344666601	0.73277638461364	67
-0.10817025324357	-1.28148914372909	67
-0.0669086398452201	-1.91449233099015	67
-0.0672328052359099	-1.239656513534	67
0.00282825751585003	0.903609172104083	67
-0.02525730504669	1.8517860416319	67
0.0625922472028699	-2.35105085457771	102
0.0595899264898001	-1.61421510826037	102
0.0907931857169499	-2.11092032843567	102
-0.02487373151893	1.59843091752775	67
-0.0501297598261501	-0.660773882584117	67
-0.11155730657416	-2.30631708618457	67
-0.0409702483816701	0.171045037436091	67
-0.00110302519251992	-1.54925925710537	67
-0.0111840342073899	-1.70738555504922	67
-0.1106715055933	-1.1554741207062	72
0.10254401658286	2.22436787170347	72
-0.0693248070866801	-1.65548575483989	67
0.10275159200497	2.35507801121961	67
0.02027697397297	-1.33846060279694	86
0.0940662202918601	-1.65080912653249	86
-0.06032887552218	-1.22336760772257	86
0.0398500777262301	-2.39789412989077	67
0.1003531798954	-0.738849473287493	67
0.0256945624150999	-0.89759992129779	67
-0.07427336483528	-1.64741316215031	67
-0.00451330178473008	-2.39404048681043	102
-0.0582977415683099	2.29713952491014	67
-0.12175549278707	-1.68486353273844	67
-0.0184944048396201	-0.000755703625999971	67
0.02537765688687	-1.73733651803736	86
0.06183325103406	-0.183966577599898	86
-0.0137071372364499	2.01815495285571	67
-0.09600782141168	-0.729790093599775	67
-0.03308245599003	2.28407159072195	67
-0.08958704943252	0.999465744457662	67
-0.0261727203686599	-0.547349910032239	67
0.0145855146696099	-1.0777596446006	67
0.00365576993929007	-0.572435858626085	67
0.0582484374058001	1.57084202904739	67
-0.07512958692748	0.332715922151978	67
-0.11792126046738	-0.707040467149993	67
-0.03500491951075	1.30068235409961	67
0.0565442619805601	0.221301632219703	67
0.07413751890974	-1.27237577787138	86
0.0490874042474401	2.27138181140263	67
-0.013731357865	0.178904666725675	67
0.01108294103279	-0.674052130767036	67
-0.04675336500919	1.82682388079383	67
0.0232587495293799	0.877068456739343	67
-0.0921961007058201	1.09772806473338	67
0.01754763585944	2.49238644986905	86
-0.000610046486509974	-0.434777146300336	86
-0.0656134999492699	2.28790556760096	67
-0.0802195129296399	1.274608446364	67
-0.08611845647238	0.910079725389556	67
-0.0634711117484299	2.18035648013804	86
-0.0851570630354599	1.01647785426671	86
-0.0811664513022401	0.934277864769028	86
-0.09740874439397	0.838454261293542	86
-0.0485096208246101	1.70246104799805	67
-0.0964074398958601	2.09796190454115	67
-0.10077571919857	1.85520866749869	67
-0.000272589919779964	2.38108272732244	67
-0.0368250501865901	1.87460557367828	67
0.00248449954604002	2.36475277981316	67
0.0213568008498799	2.10172147718547	67
-0.01981025103721	2.2363409095261	86
-0.0674367528567099	0.390389111703392	86
-0.02048551390775	2.48184828996237	95
-0.0172257512062	2.37992810984723	67
-0.1056892476012	1.11867298103901	86
-0.0121397516082999	2.04330221855426	86
-0.02634693237922	2.18641596611085	95
-0.04715211215752	1.5676189258585	95
0.0828469450834	1.70334412310349	67
0.03144023439059	2.41653878688603	28
-0.0418348139465801	2.42926286929655	86
-0.0698994283563099	1.2409277692486	67
-0.0847797175592999	1.10266910541349	67
-0.10030005045222	0.00286532677424489	84
-0.0841672817497101	-0.176929865915366	95
-0.0107627489672799	2.26361896438508	95
-0.05824939548847	-2.40022236957696	24
-0.06238242242418	2.20270270963526	86
-0.0145301994562099	1.16227419065523	86
-0.08702976609853	-0.926574049611263	86
-0.11186913578303	1.88616277164595	24
0.02533429295218	2.27906878473726	84
-0.10667802926758	2.00798240914337	84
-0.11769050403553	-2.21323965962701	95
-0.04277657947548	0.415084705624787	95
-0.0740146602287699	-1.536674254748	95
-0.0761875313747	-0.12102457889195	67
0.09636704982195	-1.06630961996869	24
-0.0794266953576701	-1.15725635472201	86
-0.11396269633904	-0.324125434443602	95
-0.0523832456939499	-0.40921400022631	95
-0.0447698645379699	-0.370774631247889	95
-0.0710659770831299	2.38392124336688	67
-0.1128762457804	-0.542591288068273	86
-0.0605700634144299	2.32468038126565	95
-0.05840465268024	1.49635119302873	95
-0.11902071123246	1.72709360324864	67
-0.0257305190606001	2.45005319793359	24
-0.09807353128589	1.05502371353198	95
-0.09206961444578	1.62792369211883	67
-0.11047977735258	2.11825698293399	24
0.0556536149787701	0.457897345333988	95
0.11374472342506	0.0345088497077519	95
-0.0361217504618601	-0.719144493491584	95
-0.02790943552226	1.71133099081286	95
0.0567861660653399	1.30638675045308	95
-0.0594446191173099	1.63428159157425	95
0.04778684694258	0.436187049334475	24
-0.0467154230386599	2.31438399015939	24
-0.03384760576682	0.207325265344512	24
0.0961681807972501	0.947057643240271	24
-0.1144064542329	0.716713649911927	95
-0.0125854045307201	0.307360926496177	24
-0.0995159563080601	2.09183687468726	24
-0.10474380803852	1.13628756282781	24
-0.01164508052938	1.31326870282794	24
-0.0659148792319799	2.42372959538809	24
-0.12392107109286	0.80227963196692	24
-0.0885158743573999	1.24645690076898	95
-0.02345883508338	2.33199519504779	24
-0.0822869273617499	2.49188071662324	35
-0.0323304824269901	1.94648156463114	95
-0.11335147895751	0.876308645400826	24
-0.0732656853523399	2.48181796418671	95
-0.12364451041215	1.81650356146671	95
-0.11973315372917	1.3770218340459	28
0.00395516796293993	0.092696122550354	28
-0.02218763327748	2.45176027974453	28
-0.09961812380249	1.67357227351292	28
-0.10858546095664	1.47299535224026	13
